\P\	Pos	order_id\
T	5	5
N	0	0
#
V	49	10248
V	66	10248
V	84	10248
V	102	10249
V	120	10249
V	139	10250
V	157	10250
V	179	10250
V	201	10251
V	222	10251
V	244	10251
V	263	10252
V	285	10252
V	304	10252
V	323	10253
V	340	10253
V	359	10253
V	376	10254
V	397	10254
V	419	10254
V	435	10255
V	453	10255
V	472	10255
V	491	10255
V	508	10256
V	527	10256
V	546	10257
V	565	10257
V	583	10257
V	602	10258
V	622	10258
V	640	10258
V	660	10259
V	676	10259
V	694	10260
V	715	10260
V	734	10260
V	756	10260
V	776	10261
V	792	10261
V	811	10262
V	829	10262
V	845	10262
V	863	10263
V	885	10263
V	903	10263
V	925	10263
V	944	10264
V	962	10264
V	983	10265
V	1002	10265
V	1019	10266
V	1041	10267
V	1060	10267
V	1080	10267
V	1102	10268
V	1119	10268
V	1137	10269
V	1156	10269
V	1178	10270
V	1197	10270
V	1216	10271
V	1232	10272
V	1250	10272
V	1267	10272
V	1286	10273
V	1308	10273
V	1328	10273
V	1344	10273
V	1366	10273
V	1388	10274
V	1407	10274
V	1425	10275
V	1446	10275
V	1465	10276
V	1484	10276
V	1502	10277
V	1521	10277
V	1540	10278
V	1559	10278
V	1576	10278
V	1594	10278
V	1611	10279
V	1633	10280
V	1651	10280
V	1670	10280
V	1688	10281
V	1705	10281
V	1722	10281
V	1740	10282
V	1758	10282
V	1776	10283
V	1795	10283
V	1813	10283
V	1832	10283
V	1850	10284
V	1872	10284
V	1891	10284
V	1913	10284
V	1934	10285
V	1954	10285
V	1975	10285
V	1996	10286
V	2016	10286
V	2035	10287
V	2057	10287
V	2076	10287
V	2097	10288
V	2117	10288
V	2135	10289
V	2150	10289
V	2168	10290
V	2184	10290
V	2201	10290
V	2218	10290
V	2237	10291
V	2257	10291
V	2278	10291
V	2298	10292
V	2317	10293
V	2334	10293
V	2352	10293
V	2370	10293
V	2387	10294
V	2405	10294
V	2424	10294
V	2443	10294
V	2462	10294
V	2479	10295
V	2497	10296
V	2516	10296
V	2535	10296
V	2554	10297
V	2573	10297
V	2592	10298
V	2610	10298
V	2632	10298
V	2652	10298
V	2671	10299
V	2689	10299
V	2706	10300
V	2725	10300
V	2742	10301
V	2761	10301
V	2780	10302
V	2799	10302
V	2818	10302
V	2837	10303
V	2858	10303
V	2879	10303
V	2898	10304
V	2915	10304
V	2932	10304
V	2950	10305
V	2969	10305
V	2988	10305
V	3009	10306
V	3028	10306
V	3047	10306
V	3064	10307
V	3083	10307
V	3099	10308
V	3117	10308
V	3133	10309
V	3151	10309
V	3167	10309
V	3185	10309
V	3204	10309
V	3222	10310
V	3241	10310
V	3259	10311
V	3277	10311
V	3295	10312
V	3313	10312
V	3332	10312
V	3351	10312
V	3369	10313
V	3388	10314
V	3409	10314
V	3430	10314
V	3451	10315
V	3470	10315
V	3487	10316
V	3505	10316
V	3524	10317
V	3542	10318
V	3560	10318
V	3578	10319
V	3596	10319
V	3615	10319
V	3634	10320
V	3653	10321
V	3672	10322
V	3690	10323
V	3708	10323
V	3726	10323
V	3744	10324
V	3766	10324
V	3788	10324
V	3806	10324
V	3826	10324
V	3848	10325
V	3863	10325
V	3881	10325
V	3899	10325
V	3915	10325
V	3934	10326
V	3952	10326
V	3971	10326
V	3989	10327
V	4009	10327
V	4030	10327
V	4051	10327
V	4072	10328
V	4088	10328
V	4107	10328
V	4124	10329
V	4145	10329
V	4166	10329
V	4189	10329
V	4211	10330
V	4233	10330
V	4255	10331
V	4273	10332
V	4292	10332
V	4313	10332
V	4333	10333
V	4352	10333
V	4370	10333
V	4391	10334
V	4408	10334
V	4425	10335
V	4444	10335
V	4463	10335
V	4483	10335
V	4504	10336
V	4524	10337
V	4542	10337
V	4561	10337
V	4580	10337
V	4599	10337
V	4618	10338
V	4637	10338
V	4656	10339
V	4674	10339
V	4696	10339
V	4715	10340
V	4735	10340
V	4756	10340
V	4778	10341
V	4793	10341
V	4812	10342
V	4832	10342
V	4851	10342
V	4872	10342
V	4893	10343
V	4912	10343
V	4931	10343
V	4950	10344
V	4968	10344
V	4987	10345
V	5003	10345
V	5021	10345
V	5039	10346
V	5060	10346
V	5079	10347
V	5098	10347
V	5120	10347
V	5138	10347
V	5158	10348
V	5179	10348
V	5197	10349
V	5215	10350
V	5234	10350
V	5255	10351
V	5278	10351
V	5296	10351
V	5318	10351
V	5340	10352
V	5358	10352
V	5379	10353
V	5400	10353
V	5422	10354
V	5440	10354
V	5456	10355
V	5474	10355
V	5493	10356
V	5510	10356
V	5529	10356
V	5548	10357
V	5569	10357
V	5588	10357
V	5608	10358
V	5629	10358
V	5651	10358
V	5673	10359
V	5695	10359
V	5715	10359
V	5737	10360
V	5756	10360
V	5773	10360
V	5793	10360
V	5810	10360
V	5828	10361
V	5849	10361
V	5870	10362
V	5889	10362
V	5908	10362
V	5926	10363
V	5943	10363
V	5961	10363
V	5980	10364
V	5999	10364
V	6017	10365
V	6036	10366
V	6054	10366
V	6072	10367
V	6091	10367
V	6109	10367
V	6128	10367
V	6146	10368
V	6163	10368
V	6184	10368
V	6203	10368
V	6224	10369
V	6241	10369
V	6263	10370
V	6284	10370
V	6303	10370
V	6322	10371
V	6342	10372
V	6364	10372
V	6387	10372
V	6409	10372
V	6431	10373
V	6452	10373
V	6473	10374
V	6490	10374
V	6509	10375
V	6528	10375
V	6546	10376
V	6566	10377
V	6588	10377
V	6610	10378
V	6628	10379
V	6647	10379
V	6668	10379
V	6689	10380
V	6710	10380
V	6731	10380
V	6751	10380
V	6768	10381
V	6784	10382
V	6800	10382
V	6816	10382
V	6833	10382
V	6849	10382
V	6865	10383
V	6883	10383
V	6900	10383
V	6919	10384
V	6938	10384
V	6957	10385
V	6975	10385
V	6996	10385
V	7014	10386
V	7032	10386
V	7051	10387
V	7069	10387
V	7087	10387
V	7104	10387
V	7123	10388
V	7143	10388
V	7163	10388
V	7182	10389
V	7201	10389
V	7220	10389
V	7239	10389
V	7256	10390
V	7275	10390
V	7296	10390
V	7314	10390
V	7335	10391
V	7353	10392
V	7372	10393
V	7393	10393
V	7415	10393
V	7436	10393
V	7458	10393
V	7475	10394
V	7493	10394
V	7512	10395
V	7532	10395
V	7553	10395
V	7571	10396
V	7589	10396
V	7608	10396
V	7627	10397
V	7646	10397
V	7668	10398
V	7687	10398
V	7709	10399
V	7726	10399
V	7745	10399
V	7764	10399
V	7783	10400
V	7800	10400
V	7819	10400
V	7836	10401
V	7855	10401
V	7874	10401
V	7893	10401
V	7912	10402
V	7930	10402
V	7949	10403
V	7971	10403
V	7993	10404
V	8015	10404
V	8037	10404
V	8057	10405
V	8072	10406
V	8090	10406
V	8108	10406
V	8129	10406
V	8149	10406
V	8169	10407
V	8188	10407
V	8207	10407
V	8226	10408
V	8245	10408
V	8262	10408
V	8281	10409
V	8300	10409
V	8316	10410
V	8332	10410
V	8349	10411
V	8369	10411
V	8390	10411
V	8408	10412
V	8429	10413
V	8447	10413
V	8466	10413
V	8485	10414
V	8506	10414
V	8522	10415
V	8540	10415
V	8556	10416
V	8574	10416
V	8593	10416
V	8612	10417
V	8632	10417
V	8652	10417
V	8672	10417
V	8691	10418
V	8709	10418
V	8727	10418
V	8746	10418
V	8762	10419
V	8784	10419
V	8806	10420
V	8826	10420
V	8845	10420
V	8863	10420
V	8882	10421
V	8902	10421
V	8921	10421
V	8943	10421
V	8965	10422
V	8983	10423
V	9000	10423
V	9017	10424
V	9038	10424
V	9060	10424
V	9079	10425
V	9101	10425
V	9123	10426
V	9141	10426
V	9159	10427
V	9178	10428
V	9196	10429
V	9213	10429
V	9235	10430
V	9256	10430
V	9272	10430
V	9291	10430
V	9310	10431
V	9332	10431
V	9354	10431
V	9375	10432
V	9394	10432
V	9412	10433
V	9431	10434
V	9449	10434
V	9471	10435
V	9489	10435
V	9508	10435
V	9527	10436
V	9544	10436
V	9565	10436
V	9586	10436
V	9606	10437
V	9625	10438
V	9645	10438
V	9666	10438
V	9687	10439
V	9706	10439
V	9725	10439
V	9743	10439
V	9759	10440
V	9780	10440
V	9802	10440
V	9822	10440
V	9844	10441
V	9863	10442
V	9882	10442
V	9900	10442
V	9919	10443
V	9939	10443
V	9958	10444
V	9977	10444
V	9996	10444
V	10014	10444
V	10032	10445
V	10050	10445
V	10068	10446
V	10088	10446
V	10108	10446
V	10126	10446
V	10146	10447
V	10164	10447
V	10183	10447
V	10201	10448
V	10219	10448
V	10238	10449
V	10257	10449
V	10275	10449
V	10294	10450
V	10315	10450
V	10334	10451
V	10356	10451
V	10377	10451
V	10398	10451
V	10419	10452
V	10438	10452
V	10461	10453
V	10482	10453
V	10501	10454
V	10522	10454
V	10540	10454
V	10560	10455
V	10579	10455
V	10598	10455
V	10617	10455
V	10636	10456
V	10655	10456
V	10675	10457
V	10692	10458
V	10711	10458
V	10730	10458
V	10749	10458
V	10768	10458
V	10787	10459
V	10806	10459
V	10827	10459
V	10846	10460
V	10866	10460
V	10886	10461
V	10905	10461
V	10927	10461
V	10949	10462
V	10966	10462
V	10984	10463
V	11002	10463
V	11021	10464
V	11041	10464
V	11059	10464
V	11080	10464
V	11099	10465
V	11117	10465
V	11136	10465
V	11155	10465
V	11175	10465
V	11192	10466
V	11211	10466
V	11228	10467
V	11246	10467
V	11265	10468
V	11283	10468
V	11302	10469
V	11323	10469
V	11345	10469
V	11366	10470
V	11383	10470
V	11401	10470
V	11419	10471
V	11435	10471
V	11454	10472
V	11475	10472
V	11494	10473
V	11510	10473
V	11529	10474
V	11548	10474
V	11567	10474
V	11586	10474
V	11604	10475
V	11624	10475
V	11646	10475
V	11668	10476
V	11689	10476
V	11706	10477
V	11724	10477
V	11743	10477
V	11765	10478
V	11787	10479
V	11807	10479
V	11826	10479
V	11843	10479
V	11862	10480
V	11880	10480
V	11897	10481
V	11914	10481
V	11933	10482
V	11952	10483
V	11974	10483
V	11996	10484
V	12012	10484
V	12031	10484
V	12049	10485
V	12069	10485
V	12086	10485
V	12107	10485
V	12126	10486
V	12144	10486
V	12163	10486
V	12179	10487
V	12196	10487
V	12215	10487
V	12236	10488
V	12253	10488
V	12272	10489
V	12294	10489
V	12313	10490
V	12330	10490
V	12347	10490
V	12365	10491
V	12387	10491
V	12408	10492
V	12430	10492
V	12452	10493
V	12473	10493
V	12494	10493
V	12515	10494
V	12534	10495
V	12552	10495
V	12570	10495
V	12588	10496
V	12608	10497
V	12627	10497
V	12646	10497
V	12665	10498
V	12683	10498
V	12701	10498
V	12718	10499
V	12737	10499
V	12754	10500
V	12776	10500
V	12797	10501
V	12816	10502
V	12834	10502
V	12852	10502
V	12869	10503
V	12889	10503
V	12909	10504
V	12925	10504
V	12942	10504
V	12961	10504
V	12980	10505
V	12998	10506
V	13017	10506
V	13036	10507
V	13056	10507
V	13079	10508
V	13095	10508
V	13112	10509
V	13130	10510
V	13151	10510
V	13172	10511
V	13191	10511
V	13210	10511
V	13229	10512
V	13250	10512
V	13269	10512
V	13289	10512
V	13309	10513
V	13328	10513
V	13347	10513
V	13368	10514
V	13385	10514
V	13404	10514
V	13421	10514
V	13441	10514
V	13460	10515
V	13479	10515
V	13499	10515
V	13519	10515
V	13540	10515
V	13560	10516
V	13581	10516
V	13602	10516
V	13619	10517
V	13634	10517
V	13650	10517
V	13666	10518
V	13683	10518
V	13703	10518
V	13722	10519
V	13742	10519
V	13759	10519
V	13779	10520
V	13796	10520
V	13814	10521
V	13830	10521
V	13849	10521
V	13867	10522
V	13885	10522
V	13901	10522
V	13923	10522
V	13944	10523
V	13963	10523
V	13982	10523
V	14001	10523
V	14021	10524
V	14037	10524
V	14057	10524
V	14074	10524
V	14093	10525
V	14110	10525
V	14131	10526
V	14149	10526
V	14165	10526
V	14185	10527
V	14203	10527
V	14222	10528
V	14238	10528
V	14257	10528
V	14275	10529
V	14292	10529
V	14311	10529
V	14328	10530
V	14345	10530
V	14362	10530
V	14381	10530
V	14398	10531
V	14414	10532
V	14434	10532
V	14451	10533
V	14470	10533
V	14489	10533
V	14509	10534
V	14529	10534
V	14550	10534
V	14571	10535
V	14590	10535
V	14611	10535
V	14631	10535
V	14650	10536
V	14670	10536
V	14689	10536
V	14707	10536
V	14727	10537
V	14746	10537
V	14762	10537
V	14782	10537
V	14801	10537
V	14817	10538
V	14833	10538
V	14851	10539
V	14866	10539
V	14883	10539
V	14901	10539
V	14917	10540
V	14933	10540
V	14953	10540
V	14973	10540
V	14992	10541
V	15012	10541
V	15033	10541
V	15055	10541
V	15075	10542
V	15095	10542
V	15117	10543
V	15137	10543
V	15156	10544
V	15174	10544
V	15190	10545
V	15207	10546
V	15223	10546
V	15240	10546
V	15259	10547
V	15279	10547
V	15296	10548
V	15316	10548
V	15335	10549
V	15357	10549
V	15379	10549
V	15399	10550
V	15417	10550
V	15435	10550
V	15453	10550
V	15474	10551
V	15497	10551
V	15517	10551
V	15537	10552
V	15554	10552
V	15573	10553
V	15590	10553
V	15610	10553
V	15627	10553
V	15646	10553
V	15662	10554
V	15685	10554
V	15704	10554
V	15726	10554
V	15746	10555
V	15768	10555
V	15788	10555
V	15808	10555
V	15827	10555
V	15846	10556
V	15865	10557
V	15885	10557
V	15904	10558
V	15922	10558
V	15939	10558
V	15955	10558
V	15974	10558
V	15990	10559
V	16012	10559
V	16032	10560
V	16052	10560
V	16074	10561
V	16094	10561
V	16111	10562
V	16131	10562
V	16152	10563
V	16169	10563
V	16185	10564
V	16205	10564
V	16226	10564
V	16246	10565
V	16266	10565
V	16288	10566
V	16308	10566
V	16330	10566
V	16347	10567
V	16368	10567
V	16384	10567
V	16403	10568
V	16419	10569
V	16440	10569
V	16457	10570
V	16477	10570
V	16497	10571
V	16520	10571
V	16540	10572
V	16562	10572
V	16581	10572
V	16600	10572
V	16621	10573
V	16638	10573
V	16655	10573
V	16674	10574
V	16692	10574
V	16710	10574
V	16729	10574
V	16748	10575
V	16765	10575
V	16783	10575
V	16802	10575
V	16819	10576
V	16835	10576
V	16854	10576
V	16874	10577
V	16891	10577
V	16910	10577
V	16927	10578
V	16944	10578
V	16962	10579
V	16981	10579
V	17000	10580
V	17023	10580
V	17044	10580
V	17067	10581
V	17088	10582
V	17106	10582
V	17123	10583
V	17144	10583
V	17164	10583
V	17184	10584
V	17206	10585
V	17224	10586
V	17242	10587
V	17261	10587
V	17278	10587
V	17295	10588
V	17316	10588
V	17336	10589
V	17352	10590
V	17368	10590
V	17388	10591
V	17404	10591
V	17420	10591
V	17439	10592
V	17461	10592
V	17483	10593
V	17502	10593
V	17521	10593
V	17539	10594
V	17555	10594
V	17575	10595
V	17595	10595
V	17618	10595
V	17638	10596
V	17656	10596
V	17677	10596
V	17698	10597
V	17718	10597
V	17737	10597
V	17759	10598
V	17778	10598
V	17796	10599
V	17815	10600
V	17833	10600
V	17850	10601
V	17866	10601
V	17883	10602
V	17902	10603
V	17919	10603
V	17939	10604
V	17960	10604
V	17979	10605
V	18002	10605
V	18022	10605
V	18042	10605
V	18064	10606
V	18082	10606
V	18101	10606
V	18122	10607
V	18138	10607
V	18156	10607
V	18174	10607
V	18193	10607
V	18212	10608
V	18229	10609
V	18244	10609
V	18261	10609
V	18277	10610
V	18297	10611
V	18312	10611
V	18328	10611
V	18345	10612
V	18362	10612
V	18379	10612
V	18396	10612
V	18413	10612
V	18430	10613
V	18447	10613
V	18466	10614
V	18483	10614
V	18499	10614
V	18515	10615
V	18531	10616
V	18554	10616
V	18571	10616
V	18591	10616
V	18613	10617
V	18633	10618
V	18649	10618
V	18666	10618
V	18685	10619
V	18702	10619
V	18719	10620
V	18736	10620
V	18751	10621
V	18768	10621
V	18784	10621
V	18801	10621
V	18820	10622
V	18836	10622
V	18857	10623
V	18877	10623
V	18897	10623
V	18916	10623
V	18933	10623
V	18952	10624
V	18971	10624
V	18991	10624
V	19011	10625
V	19030	10625
V	19046	10625
V	19063	10626
V	19082	10626
V	19099	10626
V	19118	10627
V	19137	10627
V	19157	10628
V	19173	10629
V	19194	10629
V	19213	10630
V	19233	10630
V	19250	10631
V	19270	10632
V	19289	10632
V	19310	10633
V	19330	10633
V	19349	10633
V	19372	10633
V	19394	10634
V	19410	10634
V	19429	10634
V	19446	10634
V	19464	10635
V	19482	10635
V	19503	10635
V	19520	10636
V	19536	10636
V	19555	10637
V	19572	10637
V	19595	10637
V	19615	10638
V	19633	10638
V	19653	10638
V	19672	10639
V	19690	10640
V	19710	10640
V	19730	10641
V	19746	10641
V	19765	10642
V	19784	10642
V	19805	10643
V	19827	10643
V	19847	10643
V	19866	10644
V	19886	10644
V	19903	10644
V	19922	10645
V	19941	10645
V	19958	10646
V	19977	10646
V	19997	10646
V	20019	10646
V	20039	10647
V	20057	10647
V	20074	10648
V	20091	10648
V	20112	10649
V	20131	10649
V	20150	10650
V	20170	10650
V	20192	10650
V	20211	10651
V	20232	10651
V	20252	10652
V	20274	10652
V	20291	10653
V	20313	10653
V	20332	10654
V	20350	10654
V	20369	10654
V	20389	10655
V	20410	10656
V	20431	10656
V	20453	10656
V	20472	10657
V	20491	10657
V	20510	10657
V	20527	10657
V	20545	10657
V	20562	10657
V	20579	10658
V	20596	10658
V	20618	10658
V	20638	10658
V	20658	10659
V	20680	10659
V	20702	10659
V	20722	10660
V	20739	10661
V	20757	10661
V	20779	10662
V	20798	10663
V	20820	10663
V	20840	10663
V	20860	10664
V	20880	10664
V	20900	10664
V	20923	10665
V	20940	10665
V	20956	10665
V	20973	10666
V	20994	10666
V	21014	10667
V	21033	10667
V	21054	10668
V	21074	10668
V	21092	10668
V	21114	10669
V	21131	10670
V	21147	10670
V	21164	10670
V	21181	10670
V	21198	10670
V	21217	10671
V	21237	10671
V	21256	10671
V	21276	10672
V	21298	10672
V	21317	10673
V	21336	10673
V	21352	10673
V	21368	10674
V	21383	10675
V	21403	10675
V	21422	10675
V	21442	10676
V	21458	10676
V	21475	10676
V	21495	10677
V	21518	10677
V	21538	10678
V	21556	10678
V	21574	10678
V	21594	10678
V	21613	10679
V	21630	10680
V	21653	10680
V	21675	10680
V	21695	10681
V	21715	10681
V	21734	10681
V	21754	10682
V	21772	10682
V	21788	10682
V	21807	10683
V	21822	10684
V	21841	10684
V	21859	10684
V	21876	10685
V	21893	10685
V	21911	10685
V	21929	10686
V	21948	10686
V	21968	10687
V	21987	10687
V	22008	10687
V	22027	10688
V	22046	10688
V	22067	10688
V	22084	10689
V	22103	10690
V	22123	10690
V	22143	10691
V	22159	10691
V	22180	10691
V	22197	10691
V	22217	10691
V	22236	10692
V	22255	10693
V	22270	10693
V	22292	10693
V	22312	10693
V	22332	10694
V	22348	10694
V	22365	10694
V	22382	10695
V	22398	10695
V	22414	10695
V	22432	10696
V	22449	10696
V	22466	10697
V	22486	10697
V	22505	10697
V	22528	10697
V	22548	10698
V	22565	10698
V	22584	10698
V	22608	10698
V	22631	10698
V	22650	10699
V	22668	10700
V	22685	10700
V	22704	10700
V	22725	10700
V	22746	10701
V	22766	10701
V	22788	10701
V	22808	10702
V	22823	10702
V	22840	10703
V	22855	10703
V	22872	10703
V	22889	10704
V	22904	10704
V	22922	10704
V	22942	10705
V	22961	10705
V	22977	10706
V	22997	10706
V	23014	10706
V	23030	10707
V	23047	10707
V	23066	10707
V	23086	10708
V	23104	10708
V	23120	10709
V	23136	10709
V	23153	10709
V	23170	10710
V	23187	10710
V	23204	10711
V	23222	10711
V	23241	10711
V	23261	10712
V	23282	10712
V	23299	10713
V	23316	10713
V	23336	10713
V	23355	10713
V	23372	10714
V	23391	10714
V	23411	10714
V	23432	10714
V	23452	10714
V	23475	10715
V	23492	10715
V	23511	10716
V	23527	10716
V	23543	10716
V	23562	10717
V	23582	10717
V	23601	10717
V	23621	10718
V	23638	10718
V	23658	10718
V	23675	10718
V	23694	10719
V	23716	10719
V	23738	10719
V	23760	10720
V	23777	10720
V	23795	10721
V	23818	10722
V	23833	10722
V	23852	10722
V	23871	10722
V	23890	10723
V	23910	10724
V	23927	10724
V	23945	10725
V	23964	10725
V	23979	10725
V	23995	10726
V	24011	10726
V	24027	10727
V	24047	10727
V	24067	10727
V	24087	10728
V	24107	10728
V	24125	10728
V	24142	10728
V	24159	10729
V	24175	10729
V	24192	10729
V	24212	10730
V	24235	10730
V	24256	10730
V	24279	10731
V	24299	10731
V	24319	10732
V	24336	10733
V	24356	10733
V	24375	10733
V	24391	10734
V	24407	10734
V	24427	10734
V	24444	10735
V	24465	10735
V	24483	10736
V	24503	10736
V	24522	10737
V	24537	10737
V	24556	10738
V	24575	10739
V	24591	10739
V	24607	10740
V	24627	10740
V	24646	10740
V	24666	10740
V	24685	10741
V	24703	10742
V	24719	10742
V	24736	10742
V	24755	10743
V	24775	10744
V	24796	10745
V	24815	10745
V	24835	10745
V	24852	10745
V	24870	10746
V	24885	10746
V	24902	10746
V	24920	10746
V	24937	10747
V	24955	10747
V	24974	10747
V	24992	10747
V	25009	10748
V	25025	10748
V	25044	10748
V	25061	10749
V	25078	10749
V	25094	10749
V	25111	10750
V	25133	10750
V	25154	10750
V	25174	10751
V	25196	10751
V	25216	10751
V	25238	10751
V	25255	10752
V	25270	10752
V	25286	10753
V	25303	10753
V	25319	10754
V	25337	10755
V	25358	10755
V	25378	10755
V	25400	10755
V	25420	10756
V	25441	10756
V	25460	10756
V	25480	10756
V	25499	10757
V	25516	10757
V	25532	10757
V	25551	10757
V	25571	10758
V	25591	10758
V	25607	10758
V	25624	10759
V	25641	10760
V	25661	10760
V	25680	10760
V	25700	10761
V	25720	10761
V	25739	10762
V	25756	10762
V	25774	10762
V	25791	10762
V	25808	10763
V	25825	10763
V	25841	10763
V	25859	10764
V	25877	10764
V	25897	10765
V	25919	10766
V	25935	10766
V	25951	10766
V	25970	10767
V	25986	10768
V	26002	10768
V	26021	10768
V	26038	10768
V	26057	10769
V	26079	10769
V	26098	10769
V	26117	10769
V	26136	10770
V	26156	10771
V	26175	10772
V	26196	10772
V	26213	10773
V	26230	10773
V	26251	10773
V	26271	10774
V	26292	10774
V	26309	10775
V	26325	10775
V	26341	10776
V	26363	10776
V	26383	10776
V	26404	10776
V	26425	10777
V	26444	10778
V	26463	10779
V	26483	10779
V	26502	10780
V	26519	10780
V	26536	10781
V	26556	10781
V	26575	10781
V	26592	10782
V	26610	10783
V	26629	10783
V	26648	10784
V	26665	10784
V	26684	10784
V	26706	10785
V	26723	10785
V	26742	10786
V	26760	10786
V	26782	10786
V	26803	10787
V	26822	10787
V	26846	10788
V	26867	10788
V	26889	10789
V	26908	10789
V	26925	10789
V	26944	10789
V	26963	10790
V	26981	10790
V	27001	10791
V	27025	10791
V	27047	10792
V	27063	10792
V	27081	10792
V	27100	10793
V	27119	10793
V	27134	10794
V	27156	10794
V	27176	10795
V	27196	10795
V	27216	10796
V	27238	10796
V	27258	10796
V	27280	10796
V	27299	10797
V	27316	10798
V	27334	10798
V	27353	10799
V	27372	10799
V	27393	10799
V	27410	10800
V	27429	10800
V	27448	10800
V	27468	10801
V	27488	10801
V	27512	10802
V	27535	10802
V	27555	10802
V	27575	10802
V	27596	10803
V	27617	10803
V	27637	10803
V	27657	10804
V	27674	10804
V	27693	10804
V	27712	10805
V	27729	10805
V	27749	10806
V	27768	10806
V	27787	10806
V	27807	10807
V	27825	10808
V	27845	10808
V	27865	10809
V	27881	10810
V	27896	10810
V	27912	10810
V	27928	10811
V	27946	10811
V	27962	10811
V	27981	10812
V	28002	10812
V	28023	10812
V	28040	10813
V	28058	10813
V	28075	10814
V	28094	10814
V	28114	10814
V	28136	10814
V	28158	10815
V	28176	10816
V	28199	10816
V	28221	10817
V	28244	10817
V	28264	10817
V	28286	10817
V	28308	10818
V	28325	10818
V	28344	10819
V	28360	10819
V	28379	10820
V	28396	10821
V	28413	10821
V	28429	10822
V	28447	10822
V	28463	10823
V	28482	10823
V	28501	10823
V	28520	10823
V	28539	10824
V	28558	10824
V	28574	10825
V	28594	10825
V	28613	10826
V	28632	10826
V	28651	10827
V	28668	10827
V	28685	10828
V	28701	10828
V	28720	10829
V	28736	10829
V	28752	10829
V	28768	10829
V	28785	10830
V	28800	10830
V	28817	10830
V	28834	10830
V	28853	10831
V	28870	10831
V	28886	10831
V	28905	10831
V	28921	10832
V	28938	10832
V	28957	10832
V	28979	10832
V	28998	10833
V	29016	10833
V	29036	10833
V	29056	10834
V	29079	10834
V	29102	10835
V	29119	10835
V	29137	10836
V	29154	10836
V	29170	10836
V	29189	10836
V	29206	10836
V	29226	10837
V	29241	10837
V	29260	10837
V	29281	10837
V	29301	10838
V	29319	10838
V	29341	10838
V	29361	10839
V	29383	10839
V	29404	10840
V	29422	10840
V	29441	10841
V	29458	10841
V	29475	10841
V	29492	10841
V	29509	10842
V	29526	10842
V	29542	10842
V	29561	10842
V	29578	10843
V	29597	10844
V	29614	10845
V	29632	10845
V	29651	10845
V	29670	10845
V	29692	10845
V	29712	10846
V	29728	10846
V	29745	10846
V	29762	10847
V	29780	10847
V	29800	10847
V	29819	10847
V	29839	10847
V	29858	10847
V	29879	10848
V	29898	10848
V	29913	10849
V	29929	10849
V	29952	10850
V	29972	10850
V	29992	10850
V	30012	10851
V	30030	10851
V	30050	10851
V	30072	10851
V	30092	10852
V	30108	10852
V	30124	10852
V	30143	10853
V	30162	10854
V	30183	10854
V	30202	10855
V	30222	10855
V	30241	10855
V	30258	10855
V	30281	10856
V	30297	10856
V	30314	10857
V	30330	10857
V	30353	10857
V	30377	10858
V	30392	10858
V	30411	10858
V	30427	10859
V	30448	10859
V	30470	10859
V	30493	10860
V	30509	10860
V	30526	10861
V	30543	10861
V	30562	10861
V	30579	10861
V	30597	10861
V	30615	10862
V	30632	10862
V	30647	10863
V	30666	10863
V	30689	10864
V	30705	10864
V	30722	10865
V	30745	10865
V	30765	10866
V	30784	10866
V	30804	10866
V	30827	10867
V	30845	10868
V	30865	10868
V	30882	10868
V	30901	10869
V	30917	10869
V	30934	10869
V	30950	10869
V	30969	10870
V	30985	10870
V	31001	10871
V	31020	10871
V	31043	10871
V	31063	10872
V	31083	10872
V	31105	10872
V	31128	10872
V	31151	10873
V	31168	10873
V	31186	10874
V	31203	10875
V	31221	10875
V	31241	10875
V	31258	10876
V	31275	10876
V	31295	10877
V	31318	10877
V	31337	10878
V	31357	10879
V	31376	10879
V	31396	10879
V	31413	10880
V	31431	10880
V	31452	10880
V	31471	10881
V	31488	10882
V	31505	10882
V	31525	10882
V	31547	10883
V	31564	10884
V	31584	10884
V	31604	10884
V	31627	10885
V	31643	10885
V	31661	10885
V	31678	10885
V	31695	10886
V	31712	10886
V	31731	10886
V	31748	10887
V	31764	10888
V	31780	10888
V	31799	10889
V	31816	10889
V	31836	10890
V	31853	10890
V	31870	10890
V	31889	10891
V	31912	10892
V	31932	10893
V	31948	10893
V	31966	10893
V	31987	10893
V	32007	10893
V	32024	10894
V	32043	10894
V	32063	10894
V	32086	10895
V	32105	10895
V	32122	10895
V	32141	10895
V	32159	10896
V	32177	10896
V	32194	10897
V	32215	10897
V	32235	10898
V	32250	10899
V	32269	10900
V	32288	10901
V	32307	10901
V	32326	10902
V	32346	10902
V	32367	10903
V	32383	10903
V	32403	10903
V	32422	10904
V	32442	10904
V	32461	10905
V	32480	10906
V	32499	10907
V	32518	10908
V	32537	10908
V	32556	10909
V	32572	10909
V	32592	10909
V	32610	10910
V	32628	10910
V	32645	10910
V	32663	10911
V	32679	10911
V	32696	10911
V	32713	10912
V	32733	10912
V	32757	10913
V	32776	10913
V	32797	10913
V	32817	10914
V	32836	10915
V	32853	10915
V	32871	10915
V	32890	10916
V	32909	10916
V	32925	10916
V	32944	10917
V	32963	10917
V	32980	10918
V	32999	10918
V	33019	10919
V	33039	10919
V	33056	10919
V	33075	10920
V	33095	10921
V	33112	10921
V	33131	10922
V	33148	10922
V	33166	10923
V	33185	10923
V	33204	10923
V	33223	10924
V	33242	10924
V	33263	10924
V	33281	10925
V	33301	10925
V	33320	10926
V	33336	10926
V	33352	10926
V	33369	10926
V	33388	10927
V	33404	10927
V	33419	10927
V	33436	10928
V	33453	10928
V	33469	10929
V	33486	10929
V	33505	10929
V	33522	10930
V	33539	10930
V	33558	10930
V	33577	10930
V	33599	10931
V	33618	10931
V	33637	10932
V	33659	10932
V	33680	10932
V	33699	10932
V	33720	10933
V	33738	10933
V	33757	10934
V	33773	10935
V	33789	10935
V	33810	10935
V	33828	10936
V	33847	10937
V	33865	10937
V	33882	10938
V	33901	10938
V	33921	10938
V	33941	10938
V	33963	10939
V	33982	10939
V	34002	10940
V	34017	10940
V	34033	10941
V	34055	10941
V	34077	10941
V	34099	10941
V	34118	10942
V	34135	10943
V	34151	10943
V	34168	10943
V	34185	10944
V	34204	10944
V	34227	10944
V	34244	10945
V	34260	10945
V	34279	10946
V	34296	10946
V	34314	10946
V	34331	10947
V	34347	10948
V	34366	10948
V	34383	10948
V	34399	10949
V	34415	10949
V	34432	10949
V	34448	10949
V	34467	10950
V	34482	10951
V	34503	10951
V	34524	10951
V	34546	10952
V	34565	10952
V	34583	10953
V	34603	10953
V	34625	10954
V	34648	10954
V	34670	10954
V	34688	10954
V	34708	10955
V	34729	10956
V	34746	10956
V	34764	10956
V	34780	10957
V	34800	10957
V	34817	10957
V	34836	10958
V	34855	10958
V	34870	10958
V	34888	10959
V	34910	10960
V	34931	10960
V	34950	10961
V	34968	10961
V	34985	10962
V	35001	10962
V	35017	10962
V	35036	10962
V	35052	10962
V	35069	10963
V	35088	10964
V	35106	10964
V	35125	10964
V	35142	10965
V	35159	10966
V	35175	10966
V	35195	10966
V	35217	10967
V	35235	10967
V	35252	10968
V	35269	10968
V	35287	10968
V	35306	10969
V	35322	10970
V	35340	10971
V	35361	10972
V	35377	10972
V	35394	10973
V	35413	10973
V	35431	10973
V	35450	10974
V	35469	10975
V	35485	10975
V	35504	10976
V	35523	10977
V	35540	10977
V	35558	10977
V	35575	10977
V	35594	10978
V	35613	10978
V	35633	10978
V	35652	10978
V	35674	10979
V	35690	10979
V	35707	10979
V	35725	10979
V	35744	10979
V	35763	10979
V	35782	10980
V	35803	10981
V	35823	10982
V	35839	10982
V	35855	10983
V	35874	10983
V	35893	10984
V	35913	10984
V	35931	10984
V	35948	10985
V	35970	10985
V	35990	10985
V	36009	10986
V	36026	10986
V	36043	10986
V	36060	10986
V	36077	10987
V	36093	10987
V	36109	10987
V	36128	10988
V	36144	10988
V	36165	10989
V	36181	10989
V	36198	10989
V	36216	10990
V	36233	10990
V	36253	10990
V	36273	10990
V	36295	10991
V	36313	10991
V	36332	10991
V	36351	10992
V	36369	10993
V	36393	10993
V	36415	10994
V	36435	10995
V	36452	10995
V	36468	10996
V	36485	10997
V	36502	10997
V	36522	10997
V	36541	10998
V	36559	10998
V	36577	10998
V	36594	10998
V	36613	10999
V	36635	10999
V	36655	10999
V	36675	11000
V	36694	11000
V	36715	11000
V	36732	11001
V	36748	11001
V	36765	11001
V	36782	11001
V	36798	11002
V	36814	11002
V	36834	11002
V	36854	11002
V	36871	11003
V	36886	11003
V	36905	11003
V	36921	11004
V	36940	11004
V	36956	11005
V	36971	11005
V	36988	11006
V	37003	11006
V	37026	11007
V	37042	11007
V	37063	11007
V	37080	11008
V	37102	11008
V	37122	11008
V	37141	11009
V	37159	11009
V	37179	11009
V	37195	11010
V	37211	11010
V	37229	11011
V	37252	11011
V	37271	11012
V	37292	11012
V	37312	11012
V	37334	11013
V	37350	11013
V	37366	11013
V	37384	11013
V	37402	11014
V	37423	11015
V	37443	11015
V	37460	11016
V	37479	11016
V	37496	11017
V	37512	11017
V	37530	11017
V	37547	11018
V	37564	11018
V	37583	11018
V	37599	11019
V	37615	11019
V	37631	11020
V	37651	11021
V	37670	11021
V	37687	11021
V	37707	11021
V	37727	11021
V	37746	11022
V	37764	11022
V	37781	11023
V	37796	11023
V	37813	11024
V	37833	11024
V	37851	11024
V	37871	11024
V	37890	11025
V	37908	11025
V	37926	11026
V	37944	11026
V	37961	11027
V	37982	11027
V	38004	11028
V	38021	11028
V	38038	11029
V	38055	11029
V	38074	11030
V	38094	11030
V	38113	11030
V	38137	11030
V	38158	11031
V	38174	11031
V	38190	11031
V	38208	11031
V	38228	11031
V	38247	11032
V	38264	11032
V	38284	11032
V	38301	11033
V	38322	11033
V	38341	11034
V	38360	11034
V	38380	11034
V	38398	11035
V	38414	11035
V	38431	11035
V	38448	11035
V	38467	11036
V	38482	11036
V	38499	11037
V	38515	11038
V	38535	11038
V	38550	11038
V	38569	11039
V	38588	11039
V	38605	11039
V	38622	11039
V	38641	11040
V	38658	11041
V	38676	11041
V	38695	11042
V	38715	11042
V	38733	11043
V	38750	11044
V	38769	11045
V	38787	11045
V	38804	11046
V	38824	11046
V	38844	11046
V	38864	11047
V	38883	11047
V	38905	11048
V	38924	11049
V	38942	11049
V	38960	11050
V	38979	11051
V	38999	11052
V	39018	11052
V	39039	11053
V	39060	11053
V	39077	11053
V	39099	11054
V	39117	11054
V	39134	11055
V	39152	11055
V	39169	11055
V	39186	11055
V	39205	11056
V	39221	11056
V	39238	11056
V	39255	11057
V	39271	11058
V	39287	11058
V	39304	11058
V	39322	11059
V	39338	11059
V	39355	11059
V	39372	11060
V	39388	11060
V	39405	11061
V	39422	11062
V	39443	11062
V	39462	11063
V	39479	11063
V	39500	11063
V	39521	11064
V	39540	11064
V	39559	11064
V	39580	11064
V	39598	11064
V	39617	11065
V	39639	11065
V	39661	11066
V	39680	11066
V	39698	11066
V	39715	11067
V	39733	11068
V	39754	11068
V	39774	11068
V	39794	11069
V	39811	11070
V	39830	11070
V	39849	11070
V	39872	11070
V	39891	11071
V	39910	11071
V	39929	11072
V	39944	11072
V	39963	11072
V	39983	11072
V	40004	11073
V	40021	11073
V	40039	11074
V	40062	11075
V	40081	11075
V	40101	11075
V	40120	11076
V	40139	11076
V	40162	11076
V	40183	11077
V	40201	11077
V	40216	11077
V	40231	11077
V	40249	11077
V	40267	11077
V	40284	11077
V	40300	11077
V	40319	11077
V	40334	11077
V	40356	11077
V	40378	11077
V	40397	11077
V	40412	11077
V	40428	11077
V	40447	11077
V	40465	11077
V	40484	11077
V	40499	11077
V	40515	11077
V	40534	11077
V	40556	11077
V	40572	11077
V	40591	11077
V	40609	11077