\P\	Pos	order_id\
T	5	5
N	0	0
K	0	1
G	"
#
V	99	10248
V	118	10248
V	138	10248
V	158	10249
V	178	10249
V	199	10250
V	219	10250
V	243	10250
V	267	10251
V	290	10251
V	314	10251
V	335	10252
V	359	10252
V	380	10252
V	401	10253
V	420	10253
V	441	10253
V	460	10254
V	483	10254
V	507	10254
V	525	10255
V	545	10255
V	566	10255
V	587	10255
V	606	10256
V	627	10256
V	648	10257
V	669	10257
V	689	10257
V	710	10258
V	732	10258
V	752	10258
V	774	10259
V	792	10259
V	812	10260
V	835	10260
V	856	10260
V	880	10260
V	902	10261
V	920	10261
V	941	10262
V	961	10262
V	979	10262
V	999	10263
V	1023	10263
V	1043	10263
V	1067	10263
V	1088	10264
V	1108	10264
V	1131	10265
V	1152	10265
V	1171	10266
V	1195	10267
V	1216	10267
V	1238	10267
V	1262	10268
V	1281	10268
V	1301	10269
V	1322	10269
V	1346	10270
V	1367	10270
V	1388	10271
V	1406	10272
V	1426	10272
V	1445	10272
V	1466	10273
V	1490	10273
V	1512	10273
V	1530	10273
V	1554	10273
V	1578	10274
V	1599	10274
V	1619	10275
V	1642	10275
V	1663	10276
V	1684	10276
V	1704	10277
V	1725	10277
V	1746	10278
V	1767	10278
V	1786	10278
V	1806	10278
V	1825	10279
V	1849	10280
V	1869	10280
V	1890	10280
V	1910	10281
V	1929	10281
V	1948	10281
V	1968	10282
V	1988	10282
V	2008	10283
V	2029	10283
V	2049	10283
V	2070	10283
V	2090	10284
V	2114	10284
V	2135	10284
V	2159	10284
V	2182	10285
V	2204	10285
V	2227	10285
V	2250	10286
V	2272	10286
V	2293	10287
V	2317	10287
V	2338	10287
V	2361	10288
V	2383	10288
V	2403	10289
V	2420	10289
V	2440	10290
V	2458	10290
V	2477	10290
V	2496	10290
V	2517	10291
V	2539	10291
V	2562	10291
V	2584	10292
V	2605	10293
V	2624	10293
V	2644	10293
V	2664	10293
V	2683	10294
V	2703	10294
V	2724	10294
V	2745	10294
V	2766	10294
V	2785	10295
V	2805	10296
V	2826	10296
V	2847	10296
V	2868	10297
V	2889	10297
V	2910	10298
V	2930	10298
V	2954	10298
V	2976	10298
V	2997	10299
V	3017	10299
V	3036	10300
V	3057	10300
V	3076	10301
V	3097	10301
V	3118	10302
V	3139	10302
V	3160	10302
V	3181	10303
V	3204	10303
V	3227	10303
V	3248	10304
V	3267	10304
V	3286	10304
V	3306	10305
V	3327	10305
V	3348	10305
V	3371	10306
V	3392	10306
V	3413	10306
V	3432	10307
V	3453	10307
V	3471	10308
V	3491	10308
V	3509	10309
V	3529	10309
V	3547	10309
V	3567	10309
V	3588	10309
V	3608	10310
V	3629	10310
V	3649	10311
V	3669	10311
V	3689	10312
V	3709	10312
V	3730	10312
V	3751	10312
V	3771	10313
V	3792	10314
V	3815	10314
V	3838	10314
V	3861	10315
V	3882	10315
V	3901	10316
V	3921	10316
V	3942	10317
V	3962	10318
V	3982	10318
V	4002	10319
V	4022	10319
V	4043	10319
V	4064	10320
V	4085	10321
V	4106	10322
V	4126	10323
V	4146	10323
V	4166	10323
V	4186	10324
V	4210	10324
V	4234	10324
V	4254	10324
V	4276	10324
V	4300	10325
V	4317	10325
V	4337	10325
V	4357	10325
V	4375	10325
V	4396	10326
V	4416	10326
V	4437	10326
V	4457	10327
V	4479	10327
V	4502	10327
V	4525	10327
V	4548	10328
V	4566	10328
V	4587	10328
V	4606	10329
V	4629	10329
V	4652	10329
V	4677	10329
V	4701	10330
V	4725	10330
V	4749	10331
V	4769	10332
V	4790	10332
V	4813	10332
V	4835	10333
V	4856	10333
V	4876	10333
V	4899	10334
V	4918	10334
V	4937	10335
V	4958	10335
V	4979	10335
V	5001	10335
V	5024	10336
V	5046	10337
V	5066	10337
V	5087	10337
V	5108	10337
V	5129	10337
V	5150	10338
V	5171	10338
V	5192	10339
V	5212	10339
V	5236	10339
V	5257	10340
V	5279	10340
V	5302	10340
V	5326	10341
V	5343	10341
V	5364	10342
V	5386	10342
V	5407	10342
V	5430	10342
V	5453	10343
V	5474	10343
V	5495	10343
V	5516	10344
V	5536	10344
V	5557	10345
V	5575	10345
V	5595	10345
V	5615	10346
V	5638	10346
V	5659	10347
V	5680	10347
V	5704	10347
V	5724	10347
V	5746	10348
V	5769	10348
V	5789	10349
V	5809	10350
V	5830	10350
V	5853	10351
V	5878	10351
V	5898	10351
V	5922	10351
V	5946	10352
V	5966	10352
V	5989	10353
V	6012	10353
V	6036	10354
V	6056	10354
V	6074	10355
V	6094	10355
V	6115	10356
V	6134	10356
V	6155	10356
V	6176	10357
V	6199	10357
V	6220	10357
V	6242	10358
V	6265	10358
V	6289	10358
V	6313	10359
V	6337	10359
V	6359	10359
V	6383	10360
V	6404	10360
V	6423	10360
V	6445	10360
V	6464	10360
V	6484	10361
V	6507	10361
V	6530	10362
V	6551	10362
V	6572	10362
V	6592	10363
V	6611	10363
V	6631	10363
V	6652	10364
V	6673	10364
V	6693	10365
V	6714	10366
V	6734	10366
V	6754	10367
V	6775	10367
V	6795	10367
V	6816	10367
V	6836	10368
V	6855	10368
V	6878	10368
V	6899	10368
V	6922	10369
V	6941	10369
V	6965	10370
V	6988	10370
V	7009	10370
V	7030	10371
V	7052	10372
V	7076	10372
V	7101	10372
V	7125	10372
V	7149	10373
V	7172	10373
V	7195	10374
V	7214	10374
V	7235	10375
V	7256	10375
V	7276	10376
V	7298	10377
V	7322	10377
V	7346	10378
V	7366	10379
V	7387	10379
V	7410	10379
V	7433	10380
V	7456	10380
V	7479	10380
V	7501	10380
V	7520	10381
V	7538	10382
V	7556	10382
V	7574	10382
V	7593	10382
V	7611	10382
V	7629	10383
V	7649	10383
V	7668	10383
V	7689	10384
V	7710	10384
V	7731	10385
V	7751	10385
V	7774	10385
V	7794	10386
V	7814	10386
V	7835	10387
V	7855	10387
V	7875	10387
V	7894	10387
V	7915	10388
V	7937	10388
V	7959	10388
V	7980	10389
V	8001	10389
V	8022	10389
V	8043	10389
V	8062	10390
V	8083	10390
V	8106	10390
V	8126	10390
V	8149	10391
V	8169	10392
V	8190	10393
V	8213	10393
V	8237	10393
V	8260	10393
V	8284	10393
V	8303	10394
V	8323	10394
V	8344	10395
V	8366	10395
V	8389	10395
V	8409	10396
V	8429	10396
V	8450	10396
V	8471	10397
V	8492	10397
V	8516	10398
V	8537	10398
V	8561	10399
V	8580	10399
V	8601	10399
V	8622	10399
V	8643	10400
V	8662	10400
V	8683	10400
V	8702	10401
V	8723	10401
V	8744	10401
V	8765	10401
V	8786	10402
V	8806	10402
V	8827	10403
V	8851	10403
V	8875	10404
V	8899	10404
V	8923	10404
V	8945	10405
V	8962	10406
V	8982	10406
V	9002	10406
V	9025	10406
V	9047	10406
V	9069	10407
V	9090	10407
V	9111	10407
V	9132	10408
V	9153	10408
V	9172	10408
V	9193	10409
V	9214	10409
V	9232	10410
V	9250	10410
V	9269	10411
V	9291	10411
V	9314	10411
V	9334	10412
V	9357	10413
V	9377	10413
V	9398	10413
V	9419	10414
V	9442	10414
V	9460	10415
V	9480	10415
V	9498	10416
V	9518	10416
V	9539	10416
V	9560	10417
V	9582	10417
V	9604	10417
V	9626	10417
V	9647	10418
V	9667	10418
V	9687	10418
V	9708	10418
V	9726	10419
V	9750	10419
V	9774	10420
V	9796	10420
V	9817	10420
V	9837	10420
V	9858	10421
V	9880	10421
V	9901	10421
V	9925	10421
V	9949	10422
V	9969	10423
V	9988	10423
V	10007	10424
V	10030	10424
V	10054	10424
V	10075	10425
V	10099	10425
V	10123	10426
V	10143	10426
V	10163	10427
V	10184	10428
V	10204	10429
V	10223	10429
V	10247	10430
V	10270	10430
V	10288	10430
V	10309	10430
V	10330	10431
V	10354	10431
V	10378	10431
V	10401	10432
V	10422	10432
V	10442	10433
V	10463	10434
V	10483	10434
V	10507	10435
V	10527	10435
V	10548	10435
V	10569	10436
V	10588	10436
V	10611	10436
V	10634	10436
V	10656	10437
V	10677	10438
V	10699	10438
V	10722	10438
V	10745	10439
V	10766	10439
V	10787	10439
V	10807	10439
V	10825	10440
V	10848	10440
V	10872	10440
V	10894	10440
V	10918	10441
V	10939	10442
V	10960	10442
V	10980	10442
V	11001	10443
V	11023	10443
V	11044	10444
V	11065	10444
V	11086	10444
V	11106	10444
V	11126	10445
V	11146	10445
V	11166	10446
V	11188	10446
V	11210	10446
V	11230	10446
V	11252	10447
V	11272	10447
V	11293	10447
V	11313	10448
V	11333	10448
V	11354	10449
V	11375	10449
V	11395	10449
V	11416	10450
V	11439	10450
V	11460	10451
V	11484	10451
V	11507	10451
V	11530	10451
V	11553	10452
V	11574	10452
V	11599	10453
V	11622	10453
V	11643	10454
V	11666	10454
V	11686	10454
V	11708	10455
V	11729	10455
V	11750	10455
V	11771	10455
V	11792	10456
V	11813	10456
V	11835	10457
V	11854	10458
V	11875	10458
V	11896	10458
V	11917	10458
V	11938	10458
V	11959	10459
V	11980	10459
V	12003	10459
V	12024	10460
V	12046	10460
V	12068	10461
V	12089	10461
V	12113	10461
V	12137	10462
V	12156	10462
V	12176	10463
V	12196	10463
V	12217	10464
V	12239	10464
V	12259	10464
V	12282	10464
V	12303	10465
V	12323	10465
V	12344	10465
V	12365	10465
V	12387	10465
V	12406	10466
V	12427	10466
V	12446	10467
V	12466	10467
V	12487	10468
V	12507	10468
V	12528	10469
V	12551	10469
V	12575	10469
V	12598	10470
V	12617	10470
V	12637	10470
V	12657	10471
V	12675	10471
V	12696	10472
V	12719	10472
V	12740	10473
V	12758	10473
V	12779	10474
V	12800	10474
V	12821	10474
V	12842	10474
V	12862	10475
V	12884	10475
V	12908	10475
V	12932	10476
V	12955	10476
V	12974	10477
V	12994	10477
V	13015	10477
V	13039	10478
V	13063	10479
V	13085	10479
V	13106	10479
V	13125	10479
V	13146	10480
V	13166	10480
V	13185	10481
V	13204	10481
V	13225	10482
V	13246	10483
V	13270	10483
V	13294	10484
V	13312	10484
V	13333	10484
V	13353	10485
V	13375	10485
V	13394	10485
V	13417	10485
V	13438	10486
V	13458	10486
V	13479	10486
V	13497	10487
V	13516	10487
V	13537	10487
V	13560	10488
V	13579	10488
V	13600	10489
V	13624	10489
V	13645	10490
V	13664	10490
V	13683	10490
V	13703	10491
V	13727	10491
V	13750	10492
V	13774	10492
V	13798	10493
V	13821	10493
V	13844	10493
V	13867	10494
V	13888	10495
V	13908	10495
V	13928	10495
V	13948	10496
V	13970	10497
V	13991	10497
V	14012	10497
V	14033	10498
V	14053	10498
V	14073	10498
V	14092	10499
V	14113	10499
V	14132	10500
V	14156	10500
V	14179	10501
V	14200	10502
V	14220	10502
V	14240	10502
V	14259	10503
V	14281	10503
V	14303	10504
V	14321	10504
V	14340	10504
V	14361	10504
V	14382	10505
V	14402	10506
V	14423	10506
V	14444	10507
V	14466	10507
V	14491	10508
V	14509	10508
V	14528	10509
V	14548	10510
V	14571	10510
V	14594	10511
V	14615	10511
V	14636	10511
V	14657	10512
V	14680	10512
V	14701	10512
V	14723	10512
V	14745	10513
V	14766	10513
V	14787	10513
V	14810	10514
V	14829	10514
V	14850	10514
V	14869	10514
V	14891	10514
V	14912	10515
V	14933	10515
V	14955	10515
V	14977	10515
V	15000	10515
V	15022	10516
V	15045	10516
V	15068	10516
V	15087	10517
V	15104	10517
V	15122	10517
V	15140	10518
V	15159	10518
V	15181	10518
V	15202	10519
V	15224	10519
V	15243	10519
V	15265	10520
V	15284	10520
V	15304	10521
V	15322	10521
V	15343	10521
V	15363	10522
V	15383	10522
V	15401	10522
V	15425	10522
V	15448	10523
V	15469	10523
V	15490	10523
V	15511	10523
V	15533	10524
V	15551	10524
V	15573	10524
V	15592	10524
V	15613	10525
V	15632	10525
V	15655	10526
V	15675	10526
V	15693	10526
V	15715	10527
V	15735	10527
V	15756	10528
V	15774	10528
V	15795	10528
V	15815	10529
V	15834	10529
V	15855	10529
V	15874	10530
V	15893	10530
V	15912	10530
V	15933	10530
V	15952	10531
V	15970	10532
V	15992	10532
V	16011	10533
V	16032	10533
V	16053	10533
V	16075	10534
V	16097	10534
V	16120	10534
V	16143	10535
V	16164	10535
V	16187	10535
V	16209	10535
V	16230	10536
V	16252	10536
V	16273	10536
V	16293	10536
V	16315	10537
V	16336	10537
V	16354	10537
V	16376	10537
V	16397	10537
V	16415	10538
V	16433	10538
V	16453	10539
V	16470	10539
V	16489	10539
V	16509	10539
V	16527	10540
V	16545	10540
V	16567	10540
V	16589	10540
V	16610	10541
V	16632	10541
V	16655	10541
V	16679	10541
V	16701	10542
V	16723	10542
V	16747	10543
V	16769	10543
V	16790	10544
V	16810	10544
V	16828	10545
V	16847	10546
V	16865	10546
V	16884	10546
V	16905	10547
V	16927	10547
V	16946	10548
V	16968	10548
V	16989	10549
V	17013	10549
V	17037	10549
V	17059	10550
V	17079	10550
V	17099	10550
V	17119	10550
V	17142	10551
V	17167	10551
V	17189	10551
V	17211	10552
V	17230	10552
V	17251	10553
V	17270	10553
V	17292	10553
V	17311	10553
V	17332	10553
V	17350	10554
V	17375	10554
V	17396	10554
V	17420	10554
V	17442	10555
V	17466	10555
V	17488	10555
V	17510	10555
V	17531	10555
V	17552	10556
V	17573	10557
V	17595	10557
V	17616	10558
V	17636	10558
V	17655	10558
V	17673	10558
V	17694	10558
V	17712	10559
V	17736	10559
V	17758	10560
V	17780	10560
V	17804	10561
V	17826	10561
V	17845	10562
V	17867	10562
V	17890	10563
V	17909	10563
V	17927	10564
V	17949	10564
V	17972	10564
V	17994	10565
V	18016	10565
V	18040	10566
V	18062	10566
V	18086	10566
V	18105	10567
V	18128	10567
V	18146	10567
V	18167	10568
V	18185	10569
V	18208	10569
V	18227	10570
V	18249	10570
V	18271	10571
V	18296	10571
V	18318	10572
V	18342	10572
V	18363	10572
V	18384	10572
V	18407	10573
V	18426	10573
V	18445	10573
V	18466	10574
V	18486	10574
V	18506	10574
V	18527	10574
V	18548	10575
V	18567	10575
V	18587	10575
V	18608	10575
V	18627	10576
V	18645	10576
V	18666	10576
V	18688	10577
V	18707	10577
V	18728	10577
V	18747	10578
V	18766	10578
V	18786	10579
V	18807	10579
V	18828	10580
V	18853	10580
V	18876	10580
V	18901	10581
V	18924	10582
V	18944	10582
V	18963	10583
V	18986	10583
V	19008	10583
V	19030	10584
V	19054	10585
V	19074	10586
V	19094	10587
V	19115	10587
V	19134	10587
V	19153	10588
V	19176	10588
V	19198	10589
V	19216	10590
V	19234	10590
V	19256	10591
V	19274	10591
V	19292	10591
V	19313	10592
V	19337	10592
V	19361	10593
V	19382	10593
V	19403	10593
V	19423	10594
V	19441	10594
V	19463	10595
V	19485	10595
V	19510	10595
V	19532	10596
V	19552	10596
V	19575	10596
V	19598	10597
V	19620	10597
V	19641	10597
V	19665	10598
V	19686	10598
V	19706	10599
V	19727	10600
V	19747	10600
V	19766	10601
V	19784	10601
V	19803	10602
V	19824	10603
V	19843	10603
V	19865	10604
V	19888	10604
V	19909	10605
V	19934	10605
V	19956	10605
V	19978	10605
V	20002	10606
V	20022	10606
V	20043	10606
V	20066	10607
V	20084	10607
V	20104	10607
V	20124	10607
V	20145	10607
V	20166	10608
V	20185	10609
V	20202	10609
V	20221	10609
V	20239	10610
V	20261	10611
V	20278	10611
V	20296	10611
V	20315	10612
V	20334	10612
V	20353	10612
V	20372	10612
V	20391	10612
V	20410	10613
V	20429	10613
V	20450	10614
V	20469	10614
V	20487	10614
V	20505	10615
V	20523	10616
V	20548	10616
V	20567	10616
V	20589	10616
V	20613	10617
V	20635	10618
V	20653	10618
V	20672	10618
V	20693	10619
V	20712	10619
V	20731	10620
V	20750	10620
V	20767	10621
V	20786	10621
V	20804	10621
V	20823	10621
V	20844	10622
V	20862	10622
V	20885	10623
V	20907	10623
V	20929	10623
V	20950	10623
V	20969	10623
V	20990	10624
V	21011	10624
V	21033	10624
V	21055	10625
V	21076	10625
V	21094	10625
V	21113	10626
V	21134	10626
V	21153	10626
V	21174	10627
V	21195	10627
V	21217	10628
V	21235	10629
V	21258	10629
V	21279	10630
V	21301	10630
V	21320	10631
V	21342	10632
V	21363	10632
V	21386	10633
V	21408	10633
V	21429	10633
V	21454	10633
V	21478	10634
V	21496	10634
V	21517	10634
V	21536	10634
V	21556	10635
V	21576	10635
V	21599	10635
V	21618	10636
V	21636	10636
V	21657	10637
V	21676	10637
V	21701	10637
V	21723	10638
V	21743	10638
V	21765	10638
V	21786	10639
V	21806	10640
V	21828	10640
V	21850	10641
V	21868	10641
V	21889	10642
V	21910	10642
V	21933	10643
V	21957	10643
V	21979	10643
V	22000	10644
V	22022	10644
V	22041	10644
V	22062	10645
V	22083	10645
V	22102	10646
V	22123	10646
V	22145	10646
V	22169	10646
V	22191	10647
V	22211	10647
V	22230	10648
V	22249	10648
V	22272	10649
V	22293	10649
V	22314	10650
V	22336	10650
V	22360	10650
V	22381	10651
V	22404	10651
V	22426	10652
V	22450	10652
V	22469	10653
V	22493	10653
V	22514	10654
V	22534	10654
V	22555	10654
V	22577	10655
V	22600	10656
V	22623	10656
V	22647	10656
V	22668	10657
V	22689	10657
V	22710	10657
V	22729	10657
V	22749	10657
V	22768	10657
V	22787	10658
V	22806	10658
V	22830	10658
V	22852	10658
V	22874	10659
V	22898	10659
V	22922	10659
V	22944	10660
V	22963	10661
V	22983	10661
V	23007	10662
V	23028	10663
V	23052	10663
V	23074	10663
V	23096	10664
V	23118	10664
V	23140	10664
V	23165	10665
V	23184	10665
V	23202	10665
V	23221	10666
V	23244	10666
V	23266	10667
V	23287	10667
V	23310	10668
V	23332	10668
V	23352	10668
V	23376	10669
V	23395	10670
V	23413	10670
V	23432	10670
V	23451	10670
V	23470	10670
V	23491	10671
V	23513	10671
V	23534	10671
V	23556	10672
V	23580	10672
V	23601	10673
V	23622	10673
V	23640	10673
V	23658	10674
V	23675	10675
V	23697	10675
V	23718	10675
V	23740	10676
V	23758	10676
V	23777	10676
V	23799	10677
V	23824	10677
V	23846	10678
V	23866	10678
V	23886	10678
V	23908	10678
V	23929	10679
V	23948	10680
V	23973	10680
V	23997	10680
V	24019	10681
V	24041	10681
V	24062	10681
V	24084	10682
V	24104	10682
V	24122	10682
V	24143	10683
V	24160	10684
V	24181	10684
V	24201	10684
V	24220	10685
V	24239	10685
V	24259	10685
V	24279	10686
V	24300	10686
V	24322	10687
V	24343	10687
V	24366	10687
V	24387	10688
V	24408	10688
V	24431	10688
V	24450	10689
V	24471	10690
V	24493	10690
V	24515	10691
V	24533	10691
V	24556	10691
V	24575	10691
V	24597	10691
V	24618	10692
V	24639	10693
V	24656	10693
V	24680	10693
V	24702	10693
V	24724	10694
V	24742	10694
V	24761	10694
V	24780	10695
V	24798	10695
V	24816	10695
V	24836	10696
V	24855	10696
V	24874	10697
V	24896	10697
V	24917	10697
V	24942	10697
V	24964	10698
V	24983	10698
V	25004	10698
V	25030	10698
V	25055	10698
V	25076	10699
V	25096	10700
V	25115	10700
V	25136	10700
V	25159	10700
V	25182	10701
V	25204	10701
V	25228	10701
V	25250	10702
V	25267	10702
V	25286	10703
V	25303	10703
V	25322	10703
V	25341	10704
V	25358	10704
V	25378	10704
V	25400	10705
V	25421	10705
V	25439	10706
V	25461	10706
V	25480	10706
V	25498	10707
V	25517	10707
V	25538	10707
V	25560	10708
V	25580	10708
V	25598	10709
V	25616	10709
V	25635	10709
V	25654	10710
V	25673	10710
V	25692	10711
V	25712	10711
V	25733	10711
V	25755	10712
V	25778	10712
V	25797	10713
V	25816	10713
V	25838	10713
V	25859	10713
V	25878	10714
V	25899	10714
V	25921	10714
V	25944	10714
V	25966	10714
V	25991	10715
V	26010	10715
V	26031	10716
V	26049	10716
V	26067	10716
V	26088	10717
V	26110	10717
V	26131	10717
V	26153	10718
V	26172	10718
V	26194	10718
V	26213	10718
V	26234	10719
V	26258	10719
V	26282	10719
V	26306	10720
V	26325	10720
V	26345	10721
V	26370	10722
V	26387	10722
V	26408	10722
V	26429	10722
V	26450	10723
V	26472	10724
V	26491	10724
V	26511	10725
V	26532	10725
V	26549	10725
V	26567	10726
V	26585	10726
V	26603	10727
V	26625	10727
V	26647	10727
V	26669	10728
V	26691	10728
V	26711	10728
V	26730	10728
V	26749	10729
V	26767	10729
V	26786	10729
V	26808	10730
V	26833	10730
V	26856	10730
V	26881	10731
V	26903	10731
V	26925	10732
V	26944	10733
V	26966	10733
V	26987	10733
V	27005	10734
V	27023	10734
V	27045	10734
V	27064	10735
V	27087	10735
V	27107	10736
V	27129	10736
V	27150	10737
V	27167	10737
V	27188	10738
V	27209	10739
V	27227	10739
V	27245	10740
V	27267	10740
V	27288	10740
V	27310	10740
V	27331	10741
V	27351	10742
V	27369	10742
V	27388	10742
V	27409	10743
V	27431	10744
V	27454	10745
V	27475	10745
V	27497	10745
V	27516	10745
V	27536	10746
V	27553	10746
V	27572	10746
V	27592	10746
V	27611	10747
V	27631	10747
V	27652	10747
V	27672	10747
V	27691	10748
V	27709	10748
V	27730	10748
V	27749	10749
V	27768	10749
V	27786	10749
V	27805	10750
V	27829	10750
V	27852	10750
V	27874	10751
V	27898	10751
V	27920	10751
V	27944	10751
V	27963	10752
V	27980	10752
V	27998	10753
V	28017	10753
V	28035	10754
V	28055	10755
V	28078	10755
V	28100	10755
V	28124	10755
V	28146	10756
V	28169	10756
V	28190	10756
V	28212	10756
V	28233	10757
V	28252	10757
V	28270	10757
V	28291	10757
V	28313	10758
V	28335	10758
V	28353	10758
V	28372	10759
V	28391	10760
V	28413	10760
V	28434	10760
V	28456	10761
V	28478	10761
V	28499	10762
V	28518	10762
V	28538	10762
V	28557	10762
V	28576	10763
V	28595	10763
V	28613	10763
V	28633	10764
V	28653	10764
V	28675	10765
V	28699	10766
V	28717	10766
V	28735	10766
V	28756	10767
V	28774	10768
V	28792	10768
V	28813	10768
V	28832	10768
V	28853	10769
V	28877	10769
V	28898	10769
V	28919	10769
V	28940	10770
V	28962	10771
V	28983	10772
V	29006	10772
V	29025	10773
V	29044	10773
V	29067	10773
V	29089	10774
V	29112	10774
V	29131	10775
V	29149	10775
V	29167	10776
V	29191	10776
V	29213	10776
V	29236	10776
V	29259	10777
V	29280	10778
V	29301	10779
V	29323	10779
V	29344	10780
V	29363	10780
V	29382	10781
V	29404	10781
V	29425	10781
V	29444	10782
V	29464	10783
V	29485	10783
V	29506	10784
V	29525	10784
V	29546	10784
V	29570	10785
V	29589	10785
V	29610	10786
V	29630	10786
V	29654	10786
V	29677	10787
V	29698	10787
V	29724	10788
V	29747	10788
V	29771	10789
V	29792	10789
V	29811	10789
V	29832	10789
V	29853	10790
V	29873	10790
V	29895	10791
V	29921	10791
V	29945	10792
V	29963	10792
V	29983	10792
V	30004	10793
V	30025	10793
V	30042	10794
V	30066	10794
V	30088	10795
V	30110	10795
V	30132	10796
V	30156	10796
V	30178	10796
V	30202	10796
V	30223	10797
V	30242	10798
V	30262	10798
V	30283	10799
V	30304	10799
V	30327	10799
V	30346	10800
V	30367	10800
V	30388	10800
V	30410	10801
V	30432	10801
V	30458	10802
V	30483	10802
V	30505	10802
V	30527	10802
V	30550	10803
V	30573	10803
V	30595	10803
V	30617	10804
V	30636	10804
V	30657	10804
V	30678	10805
V	30697	10805
V	30719	10806
V	30740	10806
V	30761	10806
V	30783	10807
V	30803	10808
V	30825	10808
V	30847	10809
V	30865	10810
V	30882	10810
V	30900	10810
V	30918	10811
V	30938	10811
V	30956	10811
V	30977	10812
V	31000	10812
V	31023	10812
V	31042	10813
V	31062	10813
V	31081	10814
V	31102	10814
V	31124	10814
V	31148	10814
V	31172	10815
V	31192	10816
V	31217	10816
V	31241	10817
V	31266	10817
V	31288	10817
V	31312	10817
V	31336	10818
V	31355	10818
V	31376	10819
V	31394	10819
V	31415	10820
V	31434	10821
V	31453	10821
V	31471	10822
V	31491	10822
V	31509	10823
V	31530	10823
V	31551	10823
V	31572	10823
V	31593	10824
V	31614	10824
V	31632	10825
V	31654	10825
V	31675	10826
V	31696	10826
V	31717	10827
V	31736	10827
V	31755	10828
V	31773	10828
V	31794	10829
V	31812	10829
V	31830	10829
V	31848	10829
V	31867	10830
V	31884	10830
V	31903	10830
V	31922	10830
V	31943	10831
V	31962	10831
V	31980	10831
V	32001	10831
V	32019	10832
V	32038	10832
V	32059	10832
V	32083	10832
V	32104	10833
V	32124	10833
V	32146	10833
V	32168	10834
V	32193	10834
V	32218	10835
V	32237	10835
V	32257	10836
V	32276	10836
V	32294	10836
V	32315	10836
V	32334	10836
V	32356	10837
V	32373	10837
V	32394	10837
V	32417	10837
V	32439	10838
V	32459	10838
V	32483	10838
V	32505	10839
V	32529	10839
V	32552	10840
V	32572	10840
V	32593	10841
V	32612	10841
V	32631	10841
V	32650	10841
V	32669	10842
V	32688	10842
V	32706	10842
V	32727	10842
V	32746	10843
V	32767	10844
V	32786	10845
V	32806	10845
V	32827	10845
V	32848	10845
V	32872	10845
V	32894	10846
V	32912	10846
V	32931	10846
V	32950	10847
V	32970	10847
V	32992	10847
V	33013	10847
V	33035	10847
V	33056	10847
V	33079	10848
V	33100	10848
V	33117	10849
V	33135	10849
V	33160	10850
V	33182	10850
V	33204	10850
V	33226	10851
V	33246	10851
V	33268	10851
V	33292	10851
V	33314	10852
V	33332	10852
V	33350	10852
V	33371	10853
V	33392	10854
V	33415	10854
V	33436	10855
V	33458	10855
V	33479	10855
V	33498	10855
V	33523	10856
V	33541	10856
V	33560	10857
V	33578	10857
V	33603	10857
V	33629	10858
V	33646	10858
V	33667	10858
V	33685	10859
V	33708	10859
V	33732	10859
V	33757	10860
V	33775	10860
V	33794	10861
V	33813	10861
V	33834	10861
V	33853	10861
V	33873	10861
V	33893	10862
V	33912	10862
V	33929	10863
V	33950	10863
V	33975	10864
V	33993	10864
V	34012	10865
V	34037	10865
V	34059	10866
V	34080	10866
V	34102	10866
V	34127	10867
V	34147	10868
V	34169	10868
V	34188	10868
V	34209	10869
V	34227	10869
V	34246	10869
V	34264	10869
V	34285	10870
V	34303	10870
V	34321	10871
V	34342	10871
V	34367	10871
V	34389	10872
V	34411	10872
V	34435	10872
V	34460	10872
V	34485	10873
V	34504	10873
V	34524	10874
V	34543	10875
V	34563	10875
V	34585	10875
V	34604	10876
V	34623	10876
V	34645	10877
V	34670	10877
V	34691	10878
V	34713	10879
V	34734	10879
V	34756	10879
V	34775	10880
V	34795	10880
V	34818	10880
V	34839	10881
V	34858	10882
V	34877	10882
V	34899	10882
V	34923	10883
V	34942	10884
V	34964	10884
V	34986	10884
V	35011	10885
V	35029	10885
V	35049	10885
V	35068	10885
V	35087	10886
V	35106	10886
V	35127	10886
V	35146	10887
V	35164	10888
V	35182	10888
V	35203	10889
V	35222	10889
V	35244	10890
V	35263	10890
V	35282	10890
V	35303	10891
V	35328	10892
V	35350	10893
V	35368	10893
V	35388	10893
V	35411	10893
V	35433	10893
V	35452	10894
V	35473	10894
V	35495	10894
V	35520	10895
V	35541	10895
V	35560	10895
V	35581	10895
V	35601	10896
V	35621	10896
V	35640	10897
V	35663	10897
V	35685	10898
V	35702	10899
V	35723	10900
V	35744	10901
V	35765	10901
V	35786	10902
V	35808	10902
V	35831	10903
V	35849	10903
V	35871	10903
V	35892	10904
V	35914	10904
V	35935	10905
V	35956	10906
V	35977	10907
V	35998	10908
V	36019	10908
V	36040	10909
V	36058	10909
V	36080	10909
V	36100	10910
V	36120	10910
V	36139	10910
V	36159	10911
V	36177	10911
V	36196	10911
V	36215	10912
V	36237	10912
V	36263	10913
V	36284	10913
V	36307	10913
V	36329	10914
V	36350	10915
V	36369	10915
V	36389	10915
V	36410	10916
V	36431	10916
V	36449	10916
V	36470	10917
V	36491	10917
V	36510	10918
V	36531	10918
V	36553	10919
V	36575	10919
V	36594	10919
V	36615	10920
V	36637	10921
V	36656	10921
V	36677	10922
V	36696	10922
V	36716	10923
V	36737	10923
V	36758	10923
V	36779	10924
V	36800	10924
V	36823	10924
V	36843	10925
V	36865	10925
V	36886	10926
V	36904	10926
V	36922	10926
V	36941	10926
V	36962	10927
V	36980	10927
V	36997	10927
V	37016	10928
V	37035	10928
V	37053	10929
V	37072	10929
V	37093	10929
V	37112	10930
V	37131	10930
V	37152	10930
V	37173	10930
V	37197	10931
V	37218	10931
V	37239	10932
V	37263	10932
V	37286	10932
V	37307	10932
V	37330	10933
V	37350	10933
V	37371	10934
V	37389	10935
V	37407	10935
V	37430	10935
V	37450	10936
V	37471	10937
V	37491	10937
V	37510	10938
V	37531	10938
V	37553	10938
V	37575	10938
V	37599	10939
V	37620	10939
V	37642	10940
V	37659	10940
V	37677	10941
V	37701	10941
V	37725	10941
V	37749	10941
V	37770	10942
V	37789	10943
V	37807	10943
V	37826	10943
V	37845	10944
V	37866	10944
V	37891	10944
V	37910	10945
V	37928	10945
V	37949	10946
V	37968	10946
V	37988	10946
V	38007	10947
V	38025	10948
V	38046	10948
V	38065	10948
V	38083	10949
V	38101	10949
V	38120	10949
V	38138	10949
V	38159	10950
V	38176	10951
V	38199	10951
V	38222	10951
V	38246	10952
V	38267	10952
V	38287	10953
V	38309	10953
V	38333	10954
V	38358	10954
V	38382	10954
V	38402	10954
V	38424	10955
V	38447	10956
V	38466	10956
V	38486	10956
V	38504	10957
V	38526	10957
V	38545	10957
V	38566	10958
V	38587	10958
V	38604	10958
V	38624	10959
V	38648	10960
V	38671	10960
V	38692	10961
V	38712	10961
V	38731	10962
V	38749	10962
V	38767	10962
V	38788	10962
V	38806	10962
V	38825	10963
V	38846	10964
V	38866	10964
V	38887	10964
V	38906	10965
V	38925	10966
V	38943	10966
V	38965	10966
V	38989	10967
V	39009	10967
V	39028	10968
V	39047	10968
V	39067	10968
V	39088	10969
V	39106	10970
V	39126	10971
V	39149	10972
V	39167	10972
V	39186	10973
V	39207	10973
V	39227	10973
V	39248	10974
V	39269	10975
V	39287	10975
V	39308	10976
V	39329	10977
V	39348	10977
V	39368	10977
V	39387	10977
V	39408	10978
V	39429	10978
V	39451	10978
V	39472	10978
V	39496	10979
V	39514	10979
V	39533	10979
V	39553	10979
V	39574	10979
V	39595	10979
V	39616	10980
V	39639	10981
V	39661	10982
V	39679	10982
V	39697	10983
V	39718	10983
V	39739	10984
V	39761	10984
V	39781	10984
V	39800	10985
V	39824	10985
V	39846	10985
V	39867	10986
V	39886	10986
V	39905	10986
V	39924	10986
V	39943	10987
V	39961	10987
V	39979	10987
V	40000	10988
V	40018	10988
V	40041	10989
V	40059	10989
V	40078	10989
V	40098	10990
V	40117	10990
V	40139	10990
V	40161	10990
V	40185	10991
V	40205	10991
V	40226	10991
V	40247	10992
V	40267	10993
V	40293	10993
V	40317	10994
V	40339	10995
V	40358	10995
V	40376	10996
V	40395	10997
V	40414	10997
V	40436	10997
V	40457	10998
V	40477	10998
V	40497	10998
V	40516	10998
V	40537	10999
V	40561	10999
V	40583	10999
V	40605	11000
V	40626	11000
V	40649	11000
V	40668	11001
V	40686	11001
V	40705	11001
V	40724	11001
V	40742	11002
V	40760	11002
V	40782	11002
V	40804	11002
V	40823	11003
V	40840	11003
V	40861	11003
V	40879	11004
V	40900	11004
V	40918	11005
V	40935	11005
V	40954	11006
V	40971	11006
V	40996	11007
V	41014	11007
V	41037	11007
V	41056	11008
V	41080	11008
V	41102	11008
V	41123	11009
V	41143	11009
V	41165	11009
V	41183	11010
V	41201	11010
V	41221	11011
V	41246	11011
V	41267	11012
V	41290	11012
V	41312	11012
V	41336	11013
V	41354	11013
V	41372	11013
V	41392	11013
V	41412	11014
V	41435	11015
V	41457	11015
V	41476	11016
V	41497	11016
V	41516	11017
V	41534	11017
V	41554	11017
V	41573	11018
V	41592	11018
V	41613	11018
V	41631	11019
V	41649	11019
V	41667	11020
V	41689	11021
V	41710	11021
V	41729	11021
V	41751	11021
V	41773	11021
V	41794	11022
V	41814	11022
V	41833	11023
V	41850	11023
V	41869	11024
V	41891	11024
V	41911	11024
V	41933	11024
V	41954	11025
V	41974	11025
V	41994	11026
V	42014	11026
V	42033	11027
V	42056	11027
V	42080	11028
V	42099	11028
V	42118	11029
V	42137	11029
V	42158	11030
V	42180	11030
V	42201	11030
V	42227	11030
V	42250	11031
V	42268	11031
V	42286	11031
V	42306	11031
V	42328	11031
V	42349	11032
V	42368	11032
V	42390	11032
V	42409	11033
V	42432	11033
V	42453	11034
V	42474	11034
V	42496	11034
V	42516	11035
V	42534	11035
V	42553	11035
V	42572	11035
V	42593	11036
V	42610	11036
V	42629	11037
V	42647	11038
V	42669	11038
V	42686	11038
V	42707	11039
V	42728	11039
V	42747	11039
V	42766	11039
V	42787	11040
V	42806	11041
V	42826	11041
V	42847	11042
V	42869	11042
V	42889	11043
V	42908	11044
V	42929	11045
V	42949	11045
V	42968	11046
V	42990	11046
V	43012	11046
V	43034	11047
V	43055	11047
V	43079	11048
V	43100	11049
V	43120	11049
V	43140	11050
V	43161	11051
V	43183	11052
V	43204	11052
V	43227	11053
V	43250	11053
V	43269	11053
V	43293	11054
V	43313	11054
V	43332	11055
V	43352	11055
V	43371	11055
V	43390	11055
V	43411	11056
V	43429	11056
V	43448	11056
V	43467	11057
V	43485	11058
V	43503	11058
V	43522	11058
V	43542	11059
V	43560	11059
V	43579	11059
V	43598	11060
V	43616	11060
V	43635	11061
V	43654	11062
V	43677	11062
V	43698	11063
V	43717	11063
V	43740	11063
V	43763	11064
V	43784	11064
V	43805	11064
V	43828	11064
V	43848	11064
V	43869	11065
V	43893	11065
V	43917	11066
V	43938	11066
V	43958	11066
V	43977	11067
V	43997	11068
V	44020	11068
V	44042	11068
V	44064	11069
V	44083	11070
V	44104	11070
V	44125	11070
V	44150	11070
V	44171	11071
V	44192	11071
V	44213	11072
V	44230	11072
V	44251	11072
V	44273	11072
V	44296	11073
V	44315	11073
V	44335	11074
V	44360	11075
V	44381	11075
V	44403	11075
V	44424	11076
V	44445	11076
V	44470	11076
V	44493	11077
V	44513	11077
V	44530	11077
V	44547	11077
V	44567	11077
V	44587	11077
V	44606	11077
V	44624	11077
V	44645	11077
V	44662	11077
V	44686	11077
V	44710	11077
V	44731	11077
V	44748	11077
V	44766	11077
V	44787	11077
V	44807	11077
V	44828	11077
V	44845	11077
V	44863	11077
V	44884	11077
V	44908	11077
V	44926	11077
V	44947	11077
V	44967	11077